REF_TXT,en,es,it,fr,ja
BTN_PLAY,Play,Jugar,,,
BTN_OPTIONS,Options,Opciones,,,
BTN_CREDITS,Credits,Créditos,,,
BTN_EXIT,Exit,Salir,,,
TAB_GRAPHICS,Graphics,Gráficos,,,
LBL_VIEW_DISTANCE,View Distance,Distancia de visión,,,
TT_LBL_VIEW_DISTANCE,"Radius where the chunks will render.

Big values will require more CPU, GPU, RAM, and will take longer to load the level.

Performance impact: High",-,,,
TAB_SOUND,Sound,Sonido,,,
LBL_SOUND_NOCONFIG,No sound configuration yet.,No hay configuración de sonido aún.,,,
TAB_CONTROLS,Controls,Controles,,,
LBL_MOUSESENS,Mouse sensibility,Sensibilidad del ratón,,,
TT_LBL_MOUSESENS,"This affect how fast the camera moves.

Performance impact: None",-,,,
TAB_GAME,Game,Juego,,,
LBL_MAP_UPDATE,Map update time,Tiempo de actualización del mapa,,,
TT_LBL_MAP_UPDATE,"This affects how much the map will update.
Smaller values will require more CPU, but might reduce frame drops.

Performance impact: Low",-,,,
LBL_CAMQUALITY,Camera quality,Calidad de la cámara,,,
CAMQUALITY_LOSSLESS,Lossless,Sin pérdida,,,
CAMQUALITY_VERYHIGH,Very high (1024),Muy alta (1024),,,
CAMQUALITY_HIGH,High (768),Alta (768),,,
CAMQUALITY_MEDIUM,Medium (512),Media (512),,,
CAMQUALITY_LOW,Low (256),Baja (256),,,
CAMQUALITY_VERYLOW,Very low (128),Muy baja (128),,,
CAMQUALITY_EXTREMELYLOW,Extremely low (64),Extramadamente baja (64),,,
LBL_CAMCOMPRESSION,Camera compression,Compresión de la cámara,,,
CAMCOMPRESSION_NONE,None (lossless),Ninguna (sin pérdida),,,
CAMCOMPRESSION_LOW,Low (20%),Baja (20%),,,
CAMCOMPRESSION_MEDIUM,Medium (50%),Media (50%),,,
CAMCOMPRESSION_HIGH,High (80%),Alta (80%),,,
CAMCOMPRESSION_VERYHIGH,Very high (100%),Muy alta (100%),,,
TT_BTN_PLAY,"Start the single-player Level 0 game.","Inicia el juego individual de Level 0.",,,
BTN_SAVE_CONFIG,Save,Guardar,,,
LBL_SHADOW_DISTANCE,Shadow view distance,Distancia de visión de las sombras,,,
PLACEHOLDER_PROMPT,Write your prompt here,Escribe tu petición aquí,,,
BTN_SEND,Send,Enviar,,,
BTN_ATTACH_FLS,File: Attach from local storage,Archivo: Adjuntar desde el dispositivo,,,
BTN_TAKE_PICTURE,File: Take picture,Archivo: Tomar fotografía,,,
BTN_DEL_CONV,Conversation: Delete,Conversación: Eliminar,,,
TOOL_SEARCH_TXT,Tool: Internet: Text search,Herramienta: Internet: Búsqueda de texto,,,
TOOL_SEARCH_IMG, Tool: Internet: Image search,Herramienta: Internet: Búsqueda de imagen,,,
TT_BTN_I4.0_UTILITIES,"Utilities

(Internet search tools allows I4.0 to search over the Whiteroom wikis and extract the text/images)","Utilidades

(Herramientas de búsqueda en internet le permiten a I4.0 buscar y extraer texto/imágenes en las wikis de los Whiteroom)",,,
MSG_ATTACH_FILES_ERROR,"Could not attach files because of an internal error.","No se han podido adjuntar los archivos debido a un error interno.",,,
LBL_VOL_MASTER,Master volume,Volumen global,,,
LBL_VOL_ENTITY,Entity volume,Volumen de entidades,,,
LBL_VOL_MUSIC,Music and ambience volume,Volumen de música y ambiente,,,
LBL_VOL_SFX,Sound effects volume,Volumen de efectos de sonido,,,
LBL_VOL_PLAYER_VOICE,Global player voice volume,Volumen de la voz de jugadores (global),,,
LBL_VOL_PLAYER_SFX,Global player sound effects volume,Volumen de los efectos de sonido de jugadores (global),,,
LBL_VOL_CUSTOMPLAYER,All players volume settings,Ajustes de volumen de cada jugador,,,
LBL_VOL_CUSTOMPLAYER_NAME,Player name,Nombre del jugador,,,
LBL_VOL_CUSTOMPLAYER_VOICE,Voice volume,Volumen de voz,,,
LBL_VOL_CUSTOMPLAYER_SFX,Sound effects volume,Volumen de efectos de sonido,,,
LBL_VOL_CUSTOMPLAYER_ADD,Add player custom volume settings,Añadir ajustes de volumen personalizados para un jugador,,,
